{
    "odd_composite_numbers": {
        "9": [
            6.818771362304688e-06,
            6.198883056640625e-06
        ],
        "15": [
            46.68363733291626,
            45.746201515197754
        ],
        "21": [
            46.021945524215695,
            46.025161266326904
        ]
    }
}