{
    "odd_composite_numbers": {
        "9": [
            6.198883056640625e-06,
            8.344650268554688e-06,
            1.049041748046875e-05,
            4.76837158203125e-06,
            4.291534423828125e-06
        ],
        "15": [
            50.56032609939575,
            45.56781816482544,
            45.69245171546936,
            45.746201515197754,
            45.85138916969299
        ],
        "21": [
            46.025161266326904,
            45.88029146194458,
            46.06340932846069,
            46.16075563430786,
            45.98010993003845
        ]
    }
}