{
    "odd_composite_numbers": {
        "9": [
            2.5987625122070312e-05,
            6.9141387939453125e-06,
            6.67572021484375e-06,
            0.00010848045349121094,
            2.7894973754882812e-05
        ],
        "15": [
            0.0005004405975341797,
            0.00011110305786132812,
            6.137431859970093,
            6.0684239864349365,
            0.0004153251647949219
        ],
        "21": [
            12.977506637573242,
            13.178538799285889,
            0.0002853870391845703,
            0.0001513957977294922,
            12.974684476852417
        ],
        "25": [
            2.9325485229492188e-05,
            1.6450881958007812e-05,
            1.3828277587890625e-05,
            1.2159347534179688e-05,
            1.0967254638671875e-05
        ],
        "27": [
            1.239776611328125e-05,
            1.1682510375976562e-05,
            1.3589859008789062e-05,
            1.3113021850585938e-05,
            1.1920928955078125e-05
        ],
        "33": [
            27.025343656539917,
            27.270755529403687,
            0.00026345252990722656,
            27.945631504058838,
            29.941391944885254
        ],
        "35": [
            27.83276891708374,
            27.67688512802124,
            30.40853261947632,
            0.00026798248291015625,
            27.404260873794556
        ],
        "39": [
            0.000255584716796875,
            27.146602869033813,
            27.51477360725403,
            27.823784112930298,
            27.80904483795166
        ],
        "45": [
            26.125015258789062,
            0.00025582313537597656,
            26.016115188598633,
            53.47807860374451,
            0.0003154277801513672
        ],
        "49": [
            0.00016880035400390625,
            2.7894973754882812e-05,
            1.8358230590820312e-05,
            1.71661376953125e-05,
            1.811981201171875e-05
        ],
        "51": [
            0.0002911090850830078,
            0.00014543533325195312,
            0.000110626220703125,
            25.97264313697815,
            25.874139070510864
        ],
        "55": [
            25.87645435333252,
            26.820951223373413,
            25.719020128250122,
            26.802120447158813,
            0.0002789497375488281
        ],
        "57": [
            25.042531967163086,
            25.986076831817627,
            0.0002579689025878906,
            25.26981258392334,
            25.450841426849365
        ],
        "63": [
            0.0002467632293701172,
            24.781125783920288,
            0.0002741813659667969,
            0.001214742660522461,
            0.00032401084899902344
        ],
        "65": [
            53.98840260505676,
            54.51422572135925,
            57.64576959609985,
            54.74806308746338,
            55.07991862297058
        ],
        "69": [
            0.0002505779266357422,
            55.57915735244751,
            0.0002734661102294922,
            0.0005843639373779297,
            55.34150457382202
        ],
        "75": [
            56.21593523025513,
            0.0004303455352783203,
            0.00013566017150878906,
            55.85991954803467,
            55.701924562454224
        ],
        "77": [
            0.0002849102020263672,
            111.28831315040588,
            56.025651693344116,
            55.75102639198303,
            56.000200271606445
        ],
        "81": [
            3.552436828613281e-05,
            7.152557373046875e-05,
            1.6689300537109375e-05,
            1.5974044799804688e-05,
            0.00015854835510253906
        ],
        "85": [
            0.0003414154052734375,
            56.22098159790039,
            56.38510584831238,
            56.448782205581665,
            56.75962209701538
        ],
        "87": [
            55.782501459121704,
            0.00029730796813964844,
            56.075167179107666,
            112.98205852508545,
            56.774322748184204
        ],
        "91": [
            54.53617286682129,
            54.663779735565186,
            0.00028324127197265625,
            54.9606409072876,
            54.555474519729614
        ],
        "93": [
            56.71605658531189,
            56.53177857398987,
            0.0002772808074951172,
            0.000652313232421875,
            0.00015115737915039062
        ],
        "95": [
            56.221020221710205,
            57.06477093696594,
            56.680734634399414,
            115.457040309906,
            57.83183979988098
        ],
        "99": [
            54.883471727371216,
            0.00025725364685058594,
            56.054800033569336,
            0.00027823448181152344,
            56.76812481880188
        ],
        "105": [
            55.47740459442139,
            55.69721460342407,
            55.47966527938843,
            0.0002903938293457031,
            0.0013027191162109375
        ],
        "111": [
            55.76610207557678,
            58.28350210189819,
            57.96747708320618,
            57.65299081802368,
            0.00027060508728027344
        ],
        "115": [
            0.0003409385681152344,
            56.159544944763184,
            0.0002837181091308594,
            56.429664611816406,
            56.66454076766968
        ],
        "117": [
            55.83056044578552,
            55.10577583312988,
            57.234933376312256,
            55.00525164604187,
            0.0002911090850830078
        ],
        "119": [
            57.83785605430603,
            57.46582651138306,
            56.682944536209106,
            57.901055335998535,
            58.14038944244385
        ],
        "121": [
            5.1021575927734375e-05,
            7.104873657226562e-05,
            4.315376281738281e-05,
            4.1484832763671875e-05,
            2.6702880859375e-05
        ],
        "123": [
            58.12326145172119,
            57.374871015548706,
            57.32897067070007,
            0.0003039836883544922,
            0.0012574195861816406
        ],
        "125": [
            3.6716461181640625e-05,
            2.2649765014648438e-05,
            2.1696090698242188e-05,
            2.5987625122070312e-05,
            2.1457672119140625e-05
        ],
        "129": [
            186.13721179962158,
            196.38460755348206,
            198.2579743862152,
            0.00036787986755371094,
            198.60256505012512
        ],
        "133": [
            198.47946429252625,
            393.5217795372009,
            189.03761982917786,
            391.1410183906555,
            197.69198060035706
        ],
        "135": [
            197.51132369041443,
            0.0003006458282470703,
            0.0001761913299560547,
            197.20402908325195,
            195.72689962387085
        ],
        "141": [
            197.02069354057312,
            196.22466254234314,
            196.21745491027832,
            0.00029850006103515625,
            0.001300811767578125
        ],
        "143": [
            198.4733691215515,
            0.0002887248992919922,
            198.55535221099854,
            197.59195375442505,
            197.1289610862732
        ],
        "145": [
            197.2583954334259,
            197.15602588653564,
            0.00028777122497558594,
            197.39791798591614,
            196.73333024978638
        ],
        "147": [
            0.00026488304138183594,
            0.0014240741729736328,
            0.000186920166015625,
            197.58995699882507,
            196.3608968257904
        ],
        "153": [
            196.80617761611938,
            0.0003139972686767578,
            0.0005743503570556641,
            196.00553131103516,
            0.0003178119659423828
        ],