{
    "odd_composite_numbers": {
        "9": [
            3.5190582275390624e-05,
            2.5987625122070312e-05
        ],
        "15": [
            2.441376543045044,
            0.0005004405975341797
        ],
        "21": [
            7.826233339309693,
            12.974684476852417
        ],
        "25": [
            1.654624938964844e-05,
            1.3828277587890625e-05
        ],
        "27": [
            1.2540817260742188e-05,
            1.239776611328125e-05
        ],
        "33": [
            22.43667721748352,
            27.270755529403687
        ],
        "35": [
            22.664543104171752,
            27.67688512802124
        ],
        "39": [
            22.05889220237732,
            27.51477360725403
        ],
        "45": [
            21.123956060409547,
            26.016115188598633
        ],
        "49": [
            5.0067901611328125e-05,
            1.8358230590820312e-05
        ],
        "51": [
            10.369465875625611,
            0.0002911090850830078
        ],
        "55": [
            21.043765020370483,
            25.87645435333252
        ],
        "57": [
            20.349904155731203,
            25.26981258392334
        ],
        "63": [
            4.9566370964050295,
            0.00032401084899902344
        ],
        "65": [
            55.195275926589964,
            54.74806308746338
        ],
        "69": [
            22.184354066848755,
            0.0005843639373779297
        ],
        "75": [
            33.55566906929016,
            55.701924562454224
        ],
        "77": [
            55.813095283508304,
            56.000200271606445
        ],
        "81": [
            5.9652328491210935e-05,
            3.552436828613281e-05
        ],
        "85": [
            45.162966632843016,
            56.38510584831238
        ],
        "87": [
            56.32286944389343,
            56.075167179107666
        ],
        "91": [
            43.74327025413513,
            54.555474519729614
        ],
        "93": [
            22.649783182144166,
            0.000652313232421875
        ],
        "95": [
            68.6510811805725,
            57.06477093696594
        ],
        "99": [
            33.541386413574216,
            54.883471727371216
        ],
        "105": [
            33.33117551803589,
            55.47740459442139
        ],
        "111": [
            45.934068536758424,
            57.65299081802368
        ],
        "115": [
            33.850874996185304,
            56.159544944763184
        ],
        "117": [
            44.635362482070924,
            55.10577583312988
        ],
        "119": [
            57.60561437606812,
            57.83785605430603
        ],
        "121": [
            4.668235778808594e-05,
            4.315376281738281e-05
        ],
        "123": [
            34.565732908248904,
            57.32897067070007
        ],
        "125": [
            2.5701522827148437e-05,
            2.2649765014648438e-05
        ],
        "129": [
            155.8765453338623,
            196.38460755348206
        ],
        "133": [
            273.9743725299835,
            198.47946429252625
        ],
        "135": [
            118.08854584693908,
            195.72689962387085
        ],
        "141": [
            117.89288206100464,
            196.21745491027832
        ],
        "143": [
            158.3499849796295,
            197.59195375442505
        ],
        "145": [
            157.7091914653778,
            197.15602588653564
        ],
        "147": [
            78.79054594039917,
            0.0014240741729736328
        ],
        "153": [
            78.56258301734924,
            0.0005743503570556641
        ],
        "155": [
            157.60708165168762,
            194.8743031024933
        ],
        "159": [
            79.32292928695679,
            0.00144195556640625
        ],
        "161": [
            155.87763981819154,
            194.63541054725647
        ],
        "165": [
            116.9510226726532,
            193.68008017539978
        ],
        "169": [
            6.0939788818359374e-05,
            4.6253204345703125e-05
        ],
        "171": [
            157.593834400177,
            197.600435256958
        ],
        "175": [
            117.68628702163696,
            195.61011052131653
        ],
        "177": [
            78.7222105026245,
            0.0014853477478027344
        ],
        "183": [
            157.61761298179627,
            196.3679542541504
        ],
        "185": [
            117.56486268043518,
            194.48347544670105
        ],
        "187": [
            315.05286674499513,
            391.9757604598999
        ],
        "189": [
            156.53220796585083,
            194.52628183364868
        ],
        "195": [
            154.4267125606537,
            192.4343478679657
        ],
        "201": [
            117.81069650650025,
            194.1714427471161
        ],
        "203": [
            195.53447842597961,
            195.7825222015381
        ],
        "205": [
            115.68070483207703,
            191.81727361679077
        ],
        "207": [
            38.895761823654176,
            0.0003159046173095703
        ],
        "209": [
            194.93500995635986,
            195.02320384979248
        ],
        "213": [
            196.48843412399293,
            195.71720600128174
        ],
        "215": [
            157.29551010131837,
            195.27490544319153
        ],
        "217": [
            274.3438486099243,
            198.07615900039673
        ],
        "219": [
            114.43974242210388,
            188.0049557685852
        ],
        "221": [
            196.50441579818727,
            195.85659217834473
        ],
        "225": [
            117.36070227622986,
            195.17548298835754
        ],
        "231": [
            78.19484009742737,
            0.0007276535034179688
        ],
        "235": [
            155.9301257133484,
            194.84013748168945
        ],
        "237": [
            78.1940411567688,
            0.0003428459167480469
        ],
        "243": [
            6.046295166015625e-05,
            4.744529724121094e-05
        ],
        "245": [
            156.71730742454528,
            195.78290462493896
        ],
        "247": [
            195.73687434196472,
            195.73683667182922
        ],
        "249": [
            195.3562931537628,
            195.18362402915955
        ],
        "253": [
            313.3973883152008,
            390.6697678565979
        ],
        "255": [
            78.84550290107727,
            0.0006353855133056641
        ],
        "259": [
            993.9673781871795,
            1012.4580686092377
        ],
        "261": [
            998.916888332367,
            998.384651184082
        ],
        "265": [
            789.2237692832947,
            982.8186049461365
        ],
        "267": [
            591.0135157108307,
            978.2302973270416
        ],
        "273": [
            1328.3030715783436,
            1017.2314848899841
        ]
    }
}