{
    "odd_composite_numbers": {
        "9": [
            2.5987625122070312e-05,
            6.9141387939453125e-06,
            6.67572021484375e-06,
            0.00010848045349121094,
            2.7894973754882812e-05
        ],
        "15": [
            6.137431859970093,
            6.0684239864349365
        ],
        "21": [
            12.977506637573242,
            13.178538799285889,
            12.974684476852417
        ],
        "25": [
            2.9325485229492188e-05,
            1.6450881958007812e-05,
            1.3828277587890625e-05,
            1.2159347534179688e-05,
            1.0967254638671875e-05
        ],
        "27": [
            1.239776611328125e-05,
            1.1682510375976562e-05,
            1.3589859008789062e-05,
            1.3113021850585938e-05,
            1.1920928955078125e-05
        ],
        "33": [
            27.025343656539917,
            27.270755529403687,
            27.945631504058838,
            29.941391944885254
        ],
        "35": [
            27.83276891708374,
            27.67688512802124,
            30.40853261947632,
            27.404260873794556
        ],
        "39": [
            27.146602869033813,
            27.51477360725403,
            27.823784112930298,
            27.80904483795166
        ],
        "45": [
            26.125015258789062,
            26.016115188598633,
            53.47807860374451
        ],
        "49": [
            0.00016880035400390625,
            2.7894973754882812e-05,
            1.8358230590820312e-05,
            1.71661376953125e-05,
            1.811981201171875e-05
        ],
        "51": [
            25.97264313697815,
            25.874139070510864
        ],
        "55": [
            25.87645435333252,
            26.820951223373413,
            25.719020128250122,
            26.802120447158813
        ],
        "57": [
            25.042531967163086,
            25.986076831817627,
            25.26981258392334,
            25.450841426849365
        ],
        "63": [
            24.781125783920288
        ],
        "65": [
            53.98840260505676,
            54.51422572135925,
            57.64576959609985,
            54.74806308746338,
            55.07991862297058
        ],
        "69": [
            55.57915735244751,
            55.34150457382202
        ],
        "75": [
            56.21593523025513,
            55.85991954803467,
            55.701924562454224
        ],
        "77": [
            111.28831315040588,
            56.025651693344116,
            55.75102639198303,
            56.000200271606445
        ],
        "81": [
            3.552436828613281e-05,
            7.152557373046875e-05,
            1.6689300537109375e-05,
            1.5974044799804688e-05,
            0.00015854835510253906
        ],
        "85": [
            56.22098159790039,
            56.38510584831238,
            56.448782205581665,
            56.75962209701538
        ],
        "87": [
            55.782501459121704,
            56.075167179107666,
            112.98205852508545,
            56.774322748184204
        ],
        "91": [
            54.53617286682129,
            54.663779735565186,
            54.9606409072876,
            54.555474519729614
        ],
        "93": [
            56.71605658531189,
            56.53177857398987
        ],
        "95": [
            56.221020221710205,
            57.06477093696594,
            56.680734634399414,
            115.457040309906,
            57.83183979988098
        ],
        "99": [
            54.883471727371216,
            56.054800033569336,
            56.76812481880188
        ],
        "105": [
            55.47740459442139,
            55.69721460342407,
            55.47966527938843
        ],
        "111": [
            55.76610207557678,
            58.28350210189819,
            57.96747708320618,
            57.65299081802368
        ],
        "115": [
            56.159544944763184,
            56.429664611816406,
            56.66454076766968
        ],
        "117": [
            55.83056044578552,
            55.10577583312988,
            57.234933376312256,
            55.00525164604187
        ],
        "119": [
            57.83785605430603,
            57.46582651138306,
            56.682944536209106,
            57.901055335998535,
            58.14038944244385
        ],
        "121": [
            5.1021575927734375e-05,
            7.104873657226562e-05,
            4.315376281738281e-05,
            4.1484832763671875e-05,
            2.6702880859375e-05
        ],
        "123": [
            58.12326145172119,
            57.374871015548706,
            57.32897067070007
        ],
        "125": [
            3.6716461181640625e-05,
            2.2649765014648438e-05,
            2.1696090698242188e-05,
            2.5987625122070312e-05,
            2.1457672119140625e-05
        ],
        "129": [
            186.13721179962158,
            196.38460755348206,
            198.2579743862152,
            198.60256505012512
        ],
        "133": [
            198.47946429252625,
            393.5217795372009,
            189.03761982917786,
            391.1410183906555,
            197.69198060035706
        ],
        "135": [
            197.51132369041443,
            197.20402908325195,
            195.72689962387085
        ],
        "141": [
            197.02069354057312,
            196.22466254234314,
            196.21745491027832
        ],
        "143": [
            198.4733691215515,
            198.55535221099854,
            197.59195375442505,
            197.1289610862732
        ],
        "145": [
            197.2583954334259,
            197.15602588653564,
            197.39791798591614,
            196.73333024978638
        ],
        "147": [
            197.58995699882507,
            196.3608968257904
        ],
        "153": [
            196.80617761611938,
            196.00553131103516
        ],
        "155": [
            199.4543833732605,
            198.8383686542511,
            194.8743031024933,
            194.86805605888367
        ],
        "159": [
            198.58244705200195,
            198.03023552894592
        ],
        "161": [
            194.63541054725647,
            195.43987607955933,
            194.96663403511047,
            194.34595251083374
        ],
        "165": [
            196.95599722862244,
            194.11837911605835,
            193.68008017539978
        ],
        "169": [
            0.00013208389282226562,
            3.719329833984375e-05,
            5.745887756347656e-05,
            4.6253204345703125e-05,
            3.170967102050781e-05
        ],
        "171": [
            197.600435256958,
            391.9540045261383,
            198.41370964050293
        ],
        "175": [
            196.01303839683533,
            196.80762124061584,
            195.61011052131653
        ],
        "177": [
            196.58764934539795,
            197.02129220962524
        ],
        "183": [
            196.4550404548645,
            196.3679542541504,
            196.27496695518494,
            198.9897482395172
        ],
        "185": [
            197.04920768737793,
            194.48347544670105,
            196.29060053825378
        ],
        "187": [
            391.9757604598999,
            197.30647015571594,
            393.9796531200409,
            394.9850869178772,
            197.01736307144165
        ],
        "189": [
            194.06774234771729,
            194.52628183364868,
            195.6251437664032,
            198.44102001190186
        ],
        "195": [
            194.19521498680115,
            193.31769180297852,
            192.4343478679657,
            192.18600153923035
        ],
        "201": [
            197.8962161540985,
            194.1714427471161,
            196.98470640182495
        ],