{
    "composite_numbers": {
        "15": [
            13.097484707832336,
            13.097484707832336
        ],
        "16": [
            1.1920928955078125e-06,
            1.1920928955078125e-06
        ],
        "18": [
            6.318092346191406e-06,
            6.318092346191406e-06
        ]
    },
    "odd_composite_numbers": {
        "9": [
            6.167093912760417e-06,
            5.0067901611328125e-06
        ],
        "15": [
            12.960233068466186,
            12.702148675918579
        ],
        "21": [
            74.95840342839558,
            46.71727788448334
        ],
        "25": [
            9.059906005859375e-06,
            5.4836273193359375e-06
        ],
        "27": [
            6.008148193359375e-06,
            5.9604644775390625e-06
        ],
        "33": [
            240.389723110199,
            240.37500500679016
        ],
        "35": [
            242.9081555366516,
            242.8791196346283
        ],
        "39": [
            244.41445984840394,
            245.11745691299438
        ],
        "45": [
            249.50591893196105,
            250.09182929992676
        ],
        "49": [
            1.0538101196289063e-05,
            5.7220458984375e-06
        ],
        "51": [
            230.7808741569519,
            230.94768929481506
        ],
        "55": [
            248.7661445617676,
            248.8951554298401
        ],
        "57": [
            246.37857327461242,
            246.05722856521606
        ],
        "63": [
            226.91585516929626,
            227.18824672698975
        ],
        "65": [
            1435.7926808834077,
            1439.6135499477386
        ],
        "69": [
            1452.8777626991273,
            1454.4852645397186
        ],
        "75": [
            1443.923179912567,
            1443.7338588237762
        ],
        "77": [
            1444.8535044193268,
            1440.1529660224915
        ]
    }
}