{
    "composite_numbers": {
        "15": [
            12.791073083877563,
            13.40389633178711
        ],
        "16": [
            9.5367431640625e-07,
            1.430511474609375e-06
        ],
        "18": [
            4.76837158203125e-07,
            1.2159347534179688e-05
        ]
    },
    "odd_composite_numbers": {
        "9": [
            5.4836273193359375e-06,
            4.291534423828125e-06,
            4.0531158447265625e-06,
            3.814697265625e-06,
            3.814697265625e-06,
            6.198883056640625e-06,
            4.0531158447265625e-06,
            1.621246337890625e-05,
            9.775161743164062e-06,
            3.5762786865234375e-06,
            1.049041748046875e-05,
            5.245208740234375e-06,
            5.9604644775390625e-06,
            5.0067901611328125e-06,
            4.5299530029296875e-06
        ],
        "15": [
            13.307477474212646,
            13.219787359237671,
            14.002004623413086,
            13.293997287750244,
            13.950994491577148,
            12.908271312713623,
            12.599177837371826,
            12.69858717918396,
            12.597390174865723,
            12.702148675918579,
            12.905931234359741,
            12.45964765548706,
            12.58837890625,
            12.54530119895935,
            12.624400615692139
        ],
        "21": [
            216.73832631111145,
            46.23221039772034,
            46.579829692840576,
            46.66939091682434,
            46.765164852142334,
            46.7654983997345
        ],
        "25": [
            5.4836273193359375e-06,
            2.0742416381835938e-05,
            1.2874603271484375e-05,
            3.337860107421875e-06,
            2.86102294921875e-06
        ],
        "27": [
            5.9604644775390625e-06,
            5.7220458984375e-06,
            5.9604644775390625e-06,
            6.4373016357421875e-06,
            5.9604644775390625e-06
        ],
        "33": [
            239.66011881828308,
            240.93391060829163,
            240.2205843925476,
            240.7589967250824,
            240.37500500679016
        ],
        "35": [
            242.8791196346283,
            242.86381673812866,
            243.04009366035461,
            242.92851209640503,
            242.82923555374146
        ],
        "39": [
            241.79008769989014,
            243.39750719070435,
            245.11745691299438,
            246.49571776390076,
            245.27152967453003
        ],
        "45": [
            250.21678137779236,
            250.24335050582886,
            250.09182929992676,
            249.07186937332153,
            247.9057641029358
        ],
        "49": [
            5.7220458984375e-06,
            1.4781951904296875e-05,
            2.6226043701171875e-06,
            2.5510787963867188e-05,
            4.0531158447265625e-06
        ],
        "51": [
            229.7214994430542,
            231.958327293396,
            231.38618159294128,
            229.89067316055298,
            230.94768929481506
        ],
        "55": [
            249.21409821510315,
            247.95279574394226,
            248.7233190536499,
            248.8951554298401,
            249.0453543663025
        ],
        "57": [
            246.42312383651733,
            245.75622367858887,
            246.05722856521606,
            245.82708930969238,
            247.82920098304749
        ],
        "63": [
            227.18824672698975,
            227.63657665252686,
            227.81770658493042,
            226.9524757862091,
            224.9842700958252
        ],
        "65": [
            1421.6934592723846,
            1435.2843718528748,
            1442.3209002017975,
            1440.0511231422424,
            1439.6135499477386
        ],
        "69": [
            1453.7078695297241,
            1454.4852645397186,
            1460.1748044490814,
            1461.2103691101074,
            1434.8105058670044
        ],
        "75": [
            1443.7338588237762,
            1443.3924639225006,
            1440.0796854496002,
            1443.873041152954,
            1448.5368502140045
        ],
        "77": [
            1454.680802822113,
            1440.1529660224915,
            1439.7267444133759
        ]
    }
}