{
    "odd_composite_numbers": {
        "9": [
            7.82012939453125e-05,
            1.9788742065429688e-05,
            1.1444091796875e-05,
            1.0251998901367188e-05,
            1.0013580322265625e-05
        ],
        "15": [
            0.0005538463592529297,
            0.00022268295288085938,
            6.626762866973877,
            6.628564119338989,
            6.73042631149292
        ],
        "21": [
            0.0003795623779296875,
            45.90165114402771,
            46.04298520088196,
            44.180609464645386,
            45.25778126716614
        ],
        "25": [
            2.8133392333984375e-05,
            0.0001544952392578125,
            3.504753112792969e-05,
            3.266334533691406e-05,
            1.1444091796875e-05
        ],
        "27": [
            1.5497207641601562e-05,
            1.0013580322265625e-05,
            1.8835067749023438e-05,
            9.775161743164062e-06,
            9.059906005859375e-06
        ],
        "33": [
            0.0003764629364013672,
            3290.2076966762543,
            1070.7649314403534,
            1146.853837966919,
            0.0007658004760742188
        ],
        "35": [
            0.00044918060302734375,
            0.0002713203430175781,
            1074.4889960289001,
            0.00027632713317871094,
            1067.4883108139038
        ],
        "39": [
            1149.4259161949158,
            0.0002727508544921875,
            0.00017642974853515625,
            0.0002181529998779297,
            2216.465950489044
        ],
        "45": [
            0.0007839202880859375,
            0.0003743171691894531,
            0.00026488304138183594,
            1131.4951293468475,
            0.0002541542053222656
        ],
        "49": [
            0.00017881393432617188,
            4.7206878662109375e-05,
            4.506111145019531e-05,
            1.239776611328125e-05,
            1.6927719116210938e-05
        ],
        "51": [
            1035.4324276447296,
            0.0002675056457519531,
            1031.267288684845,
            1048.3099706172943,
            1051.8390865325928
        ],
        "55": [
            1137.4552686214447,
            1140.6919984817505,
            1144.8941857814789,
            0.00028967857360839844,
            0.0006182193756103516
        ],
        "57": [
            0.00018739700317382812,
            0.0001747608184814453,
            1105.8318693637848,
            0.0003399848937988281,
            0.0005738735198974609
        ],
        "63": [
            0.00020313262939453125,
            0.00017762184143066406,
            1037.033521413803,
            1033.1030864715576,
            1166.1770377159119
        ]
    }
}