{
    "odd_composite_numbers": {
        "9": [
            2.593994140625e-05,
            1.1444091796875e-05
        ],
        "15": [
            6.661917765935262,
            6.628564119338989
        ],
        "21": [
            45.3457567691803,
            45.579716205596924
        ],
        "25": [
            5.2356719970703124e-05,
            3.266334533691406e-05
        ],
        "27": [
            1.2636184692382812e-05,
            1.0013580322265625e-05
        ],
        "33": [
            1835.9421553611755,
            1146.853837966919
        ],
        "35": [
            1070.988653421402,
            1070.988653421402
        ],
        "39": [
            1682.94593334198,
            1682.94593334198
        ],
        "45": [
            1131.4951293468475,
            1131.4951293468475
        ],
        "49": [
            6.008148193359375e-05,
            4.506111145019531e-05
        ],
        "51": [
            1041.7121933698654,
            1041.871199131012
        ],
        "55": [
            1141.0138176282246,
            1140.6919984817505
        ],
        "57": [
            1105.8318693637848,
            1105.8318693637848
        ],
        "63": [
            1078.7712152004242,
            1037.033521413803
        ]
    }
}