{
    "odd_composite_numbers": {
        "9": [
            2.593994140625e-05,
            1.1444091796875e-05
        ],
        "15": [
            3.997305965423584,
            6.626762866973877
        ],
        "21": [
            36.27668132781982,
            45.25778126716614
        ],
        "25": [
            5.2356719970703124e-05,
            3.266334533691406e-05
        ],
        "27": [
            1.2636184692382812e-05,
            1.0013580322265625e-05
        ],
        "33": [
            1101.5655216693879,
            1070.7649314403534
        ],
        "35": [
            428.39566073417666,
            0.00044918060302734375
        ],
        "39": [
            673.1785068035126,
            0.0002727508544921875
        ],
        "45": [
            226.2993613243103,
            0.0003743171691894531
        ],
        "49": [
            6.008148193359375e-05,
            4.506111145019531e-05
        ],
        "51": [
            833.3698081970215,
            1035.4324276447296
        ],
        "55": [
            684.6084721565246,
            1137.4552686214447
        ],
        "57": [
            221.16662907600403,
            0.0003399848937988281
        ],
        "63": [
            647.2628052711486,
            1033.1030864715576
        ]
    }
}