{
    "odd_composite_numbers": {
        "9": [
            7.82012939453125e-05,
            1.9788742065429688e-05,
            1.1444091796875e-05,
            1.0251998901367188e-05,
            1.0013580322265625e-05
        ],
        "15": [
            6.626762866973877,
            6.628564119338989,
            6.73042631149292
        ],
        "21": [
            45.90165114402771,
            46.04298520088196,
            44.180609464645386,
            45.25778126716614
        ],
        "25": [
            2.8133392333984375e-05,
            0.0001544952392578125,
            3.504753112792969e-05,
            3.266334533691406e-05,
            1.1444091796875e-05
        ],
        "27": [
            1.5497207641601562e-05,
            1.0013580322265625e-05,
            1.8835067749023438e-05,
            9.775161743164062e-06,
            9.059906005859375e-06
        ],
        "33": [
            3290.2076966762543,
            1070.7649314403534,
            1146.853837966919
        ],
        "35": [
            1074.4889960289001,
            1067.4883108139038
        ],
        "39": [
            1149.4259161949158,
            2216.465950489044
        ],
        "45": [
            1131.4951293468475
        ],
        "49": [
            0.00017881393432617188,
            4.7206878662109375e-05,
            4.506111145019531e-05,
            1.239776611328125e-05,
            1.6927719116210938e-05
        ],
        "51": [
            1035.4324276447296,
            1031.267288684845,
            1048.3099706172943,
            1051.8390865325928
        ],
        "55": [
            1137.4552686214447,
            1140.6919984817505,
            1144.8941857814789
        ],
        "57": [
            1105.8318693637848
        ],
        "63": [
            1037.033521413803,
            1033.1030864715576,
            1166.1770377159119
        ]
    }
}